https://en.wikipedia.org/wiki/Open-source_intelligence,0,352,intelligence;open;source;osint;national;edit;center;director;tools;data
https://en.wikipedia.org/wiki/Traffic_analysis,1,276,traffic;analysis;intelligence;messages;edit;network;pdf;security;anonymity;flow
https://en.wikipedia.org/wiki/Intelligence_analysis_management,1,225,intelligence;reference;analysts;security;edit;center;analysis;data;basic;operations
https://en.wikipedia.org/wiki/Director_of_National_Intelligence,1,450,intelligence;director;national;dni;office;president;deputy;trump;community;donald
https://en.wikipedia.org/wiki/Newspapers,1,921,newspapers;newspaper;news;published;daily;edit;advertising;press;online;circulation
https://en.wikipedia.org/wiki/Private_intelligence_agency,1,134,intelligence;private;group;issn;agencies;times;edit;wikipedia;analytica;pdf
https://en.wikipedia.org/wiki/Electro-optical_MASINT,1,280,masint;sensors;optical;hyperspectral;detection;electro;edit;intelligence;infrared;sensor
https://en.wikipedia.org/wiki/Special:RecentChangesLinked/Open-source_intelligence,1,233,talk;edit;diffhist;mobile;contribs;tags;reverted;enforcement;web;law
https://en.wikipedia.org/wiki/Technical_intelligence,1,277,intelligence;economic;technical;espionage;foreign;government;edit;collection;companies;national
https://en.wikipedia.org/wiki/Recruitment_of_spies,1,298,intelligence;access;officer;agent;recruitment;agents;country;edit;soviet;case
https://en.wikipedia.org/wiki/Wikipedia:Writing_better_articles#Information_style_and_tone,1,1077,wikipedia;wp;style;lead;reader;subject;manual;topic;text;writing
https://en.wikipedia.org/wiki/Facebook,1,2037,facebook;users;news;march;june;september;february;july;data;october
https://en.wikipedia.org/wiki/Television,1,2358,television;color;broadcast;digital;patent;tube;image;display;sets;march
https://en.wikipedia.org/wiki/Wikipedia:About,1,729,wikipedia;edit;free;vte;encyclopedia;community;view;wikimedia;contributors;bahasa
https://en.wikipedia.org/wiki/Bellingcat,1,572,bellingcat;russian;march;december;july;edit;war;higgins;russia;journalism
https://en.wikipedia.org/wiki/Academic_journal,1,440,journals;journal;academic;review;access;edit;scientific;science;peer;sciences
https://en.wikipedia.org/wiki/Eliot_A._Jardines,1,110,intelligence;open;source;jardines;national;director;edit;military;university;deputy
https://en.wikipedia.org/wiki/Steganography,1,630,steganography;hiding;message;data;image;hidden;edit;security;network;digital
https://en.wikipedia.org/wiki/Nuclear_MASINT,1,171,nuclear;masint;radiation;intelligence;materials;edit;survey;ionizing;energy;reactors
https://en.wikipedia.org/wiki/DARPA_TIDES_program,1,77,tides;edit;program;data;warehouse;wikipedia;pdf;investigative;fbi;darpa
https://en.wikipedia.org/wiki/Internet,1,1820,internet;network;web;users;access;networks;services;data;june;protocol
https://en.wikipedia.org/wiki/Operations_security,1,141,opsec;security;operations;support;critical;measures;edit;june;process;pdf
https://en.wikipedia.org/wiki/Avalon_Publishing,1,214,group;perseus;books;publishing;publishers;press;avalon;edit;imprints;january
https://en.wikipedia.org/wiki/Classified_information#Unclassified,1,495,secret;security;classified;classification;confidential;national;restricted;edit;government;secreto
https://en.wikipedia.org/wiki/Cognitive_traps_for_intelligence_analysis,1,243,intelligence;culture;analysts;edit;mirror;attack;deception;imaging;analysis;wikipedia
https://en.wikipedia.org/wiki/Category:United_States-centric,1,430,category;radio;wikipedia;law;business;education;anti;alcohol;hidden;music
https://en.wikipedia.org/wiki/Direction_finding,1,506,direction;signal;radio;antenna;antennas;systems;finding;rdf;edit;phi
https://en.wikipedia.org/wiki/Geospatial_intelligence,1,330,intelligence;geospatial;geoint;data;imagery;analysis;edit;knowledge;human;national
https://en.wikipedia.org/wiki/Signals_intelligence_in_modern_history,1,576,war;intelligence;german;navy;sigint;communications;japanese;british;bletchley;messages
https://en.wikipedia.org/wiki/Classified_information,1,494,secret;security;classified;classification;confidential;national;restricted;edit;government;secreto
https://en.wikipedia.org/wiki/Mark_M._Lowenthal,1,233,intelligence;lowenthal;mark;community;national;jeopardy;edit;jump;director;champions
https://en.wikipedia.org/wiki/List_of_Special_Reconnaissance_organizations,1,317,special;edit;reconnaissance;operations;united;forces;unit;regiment;states;intelligence
https://en.wikipedia.org/wiki/Discussion_group,1,106,group;groups;discussion;october;edit;google;usenet;facebook;users;academic
https://en.wikipedia.org/wiki/Black_bag_operation,1,214,black;bag;edit;fbi;operations;jobs;search;intelligence;hoover;september
https://en.wikipedia.org/wiki/Category:2005_introductions,1,140,introduced;introductions;category;wikipedia;commons;year;edit;wikimedia;divestment;navigation
https://en.wikipedia.org/wiki/Help:Introduction,1,192,wikipedia;source;view;links;talk;code;training;editing;navigation;tables
https://en.wikipedia.org/wiki/Numbers_station,1,442,numbers;stations;station;radio;edit;shortwave;frequency;transmissions;messages;july
https://en.wikipedia.org/wiki/Wayback_Machine,1,557,archive;internet;wayback;machine;october;web;april;march;website;site
https://en.wikipedia.org/wiki/Words_of_estimative_probability,1,189,intelligence;estimative;edit;analysis;weps;probability;kent;cia;source;center
https://en.wikipedia.org/wiki/Casualty_estimation,1,145,casualty;edit;war;number;studies;wikipedia;intelligence;estimation;deaths;estimates
https://en.wikipedia.org/wiki/Warring_States_period,1,606,qin;states;king;wei;qi;zhao;period;warring;chu;state
https://en.wikipedia.org/wiki/All-source_intelligence,1,166,intelligence;source;analysis;national;center;office;september;edit;sources;united
https://en.wikipedia.org/wiki/Director_of_Central_Intelligence,1,451,intelligence;cia;central;director;agency;june;president;william;goss;dci
https://en.wikipedia.org/wiki/Category:Articles_with_limited_geographic_scope_from_December_2010,1,475,category;law;music;geographic;categories;limited;wikipedia;scope;list;motoring
https://en.wikipedia.org/wiki/Open_Source_Center,1,187,intelligence;open;source;security;center;national;service;edit;monitoring;director
https://en.wikipedia.org/wiki/Category:All_articles_with_style_issues,1,435,season;league;category;rugby;auckland;championship;grand;prix;wikipedia;series
https://en.wikipedia.org/wiki/Newsletter,1,165,newsletters;newsletter;edit;wikipedia;newspapers;jump;century;history;paper;english
https://en.wikipedia.org/wiki/Intellipedia,1,324,intelligence;intellipedia;community;wikipedia;security;edit;wiki;wayback;national;machine
https://en.wikipedia.org/wiki/Digital_archiving,1,244,document;management;documents;systems;iso;electronic;workflow;retrieval;digital;search
https://en.wikipedia.org/wiki/Wikipedia:General_disclaimer,1,220,wikipedia;rights;content;laws;license;project;view;responsible;peer;projects
https://en.wikipedia.org/wiki/Rowman_and_Littlefield,1,177,acquired;littlefield;rowman;press;books;publishersweekly;publishing;edit;founded;university
https://en.wikipedia.org/wiki/Black_operation,1,229,black;operation;june;cia;edit;abc;news;intelligence;secret;iran
https://en.wikipedia.org/w/index.php?title=Open-source_intelligence&action=edit,1,218,edit;agree;wikipedia;navigation;view;logged;edits;contact;create;talk
https://en.wikipedia.org/wiki/Signals_intelligence_operational_platforms_by_nation,1,626,platforms;sigint;intelligence;aircraft;edit;satellite;ground;submarine;french;satellites
https://en.wikipedia.org/wiki/Process_of_intelligence,1,817,intelligence;military;edit;analysis;strategic;operational;collection;tactical;war;level
https://en.wikipedia.org/wiki/Cutout_(espionage),1,167,espionage;edit;cutout;wikipedia;nodes;darknets;networks;navigation;terms;jump
https://en.wikipedia.org/wiki/Academic_publishing,1,568,publishing;academic;journal;journals;open;access;scholarly;review;peer;scientific
https://en.wikipedia.org/wiki/Law_enforcement,1,668,law;police;enforcement;agency;national;agencies;edit;department;municipal;vte
https://en.wikipedia.org/wiki/Jeffrey_T._Richelson,1,123,richelson;intelligence;press;security;national;edition;university;edit;jeffrey;westview
https://en.wikipedia.org/wiki/Wikipedia:WikiProject_Countering_systemic_bias,1,671,wikipedia;wikiproject;bias;systemic;edit;countering;gender;template;selection;behavior
https://en.wikipedia.org/wiki/Eliot_Higgins,1,307,higgins;bellingcat;eliot;syrian;war;march;russian;atlantic;council;june
https://en.wikipedia.org/wiki/Clandestine_cell_system,1,333,cell;cells;clarify;organization;government;operations;support;operational;core;group
https://en.wikipedia.org/wiki/Terrorist,1,1425,terrorism;terrorist;state;political;groups;international;terrorists;attacks;violence;terror
https://en.wikipedia.org/wiki/Category:Short_description_is_different_from_Wikidata,1,442,album;category;disambiguation;short;wikipedia;description;wikidata;edit;kids;biblical
https://en.wikipedia.org/wiki/Information_explosion,1,131,data;explosion;edit;disk;blogs;exabytes;growth;august;compressed;trend
https://en.wikipedia.org/wiki/Special:BookSources/978-0813349183,1,1319,book;wikipedia;search;libraries;library;sources;online;databases;editions;books
https://en.wikipedia.org/w/index.php?title=Open-source_intelligence&action=edit&section=6,1,63,edit;wikipedia;agree;navigation;logged;edits;ipa;jump;log;search
https://en.wikipedia.org/wiki/Special:BookSources/9780813349190,1,1319,book;wikipedia;search;libraries;library;sources;online;databases;editions;books
https://en.wikipedia.org/w/index.php?title=Open-source_intelligence&action=edit&section=7,1,63,edit;agree;wikipedia;navigation;noinclude;logged;edits;ipa;jump;includeonly
https://en.wikipedia.org/w/index.php?title=Open-source_intelligence&action=edit&section=8,1,63,edit;agree;wikipedia;navigation;view;logged;edits;contact;create;talk
https://en.wikipedia.org/wiki/Template:Cite_web,1,565,editor;author;url;link;title;optional;access;october;cite;format
https://en.wikipedia.org/wiki/Aspin-Brown_Commission,1,79,commission;wikipedia;intelligence;brown;aspin;states;edit;sources;united;references
https://en.wikipedia.org/w/index.php?title=Open-source_intelligence&action=edit&section=9,1,63,edit;agree;wikipedia;navigation;view;logged;edits;contact;create;talk
https://en.wikipedia.org/wiki/Wikipedia:Article_wizard,1,105,wikipedia;view;community;practice;navigation;terms;contact;talk;links;jump
https://en.wikipedia.org/wiki/YouTube,1,2767,youtube;videos;video;march;content;november;april;september;january;february
https://en.wikipedia.org/wiki/Help:Contents,1,457,wikipedia;questions;search;directory;community;edit;talk;press;view;style
https://en.wikipedia.org/w/index.php?title=Open-source_intelligence&action=edit&section=1,1,63,edit;agree;wikipedia;navigation;view;logged;edits;contact;create;talk
https://en.wikipedia.org/w/index.php?title=Open-source_intelligence&action=edit&section=2,1,63,category;wikipedia;issues;edit;agree;identifiers;navigation;logged;edits;jump
https://en.wikipedia.org/wiki/File:911_commission_seal.svg,1,76,usage;file;wikipedia;org;commission;pixels;united;states;english;work
https://en.wikipedia.org/wiki/Foreign_Broadcast_Intelligence_Service,1,169,intelligence;fbis;service;foreign;broadcast;edit;open;source;stations;radio
https://en.wikipedia.org/w/index.php?title=Open-source_intelligence&action=edit&section=5,1,63,edit;agree;wikipedia;navigation;noinclude;logged;edits;ipa;jump;includeonly
https://en.wikipedia.org/wiki/Open_Source_Enterprise,1,186,intelligence;open;source;security;center;national;service;edit;monitoring;director
https://en.wikipedia.org/w/index.php?title=Special:DownloadAsPdf&page=Open-source_intelligence&action=show-download-screen,1,27,download;wikipedia;pdf;source;navigation;search;contact;jump;intelligence;special
https://en.wikipedia.org/wiki/Radar_MASINT,1,260,radar;masint;sar;target;systems;ground;october;intelligence;moving;edit
https://en.wikipedia.org/wiki/Category:American_inventions,1,349,inventions;united;states;category;digital;wikipedia;timeline;laser;american;carbon
https://en.wikipedia.org/w/index.php?title=Open-source_intelligence&action=edit&section=4,1,63,edit;agree;wikipedia;navigation;noinclude;logged;edits;ipa;jump;includeonly
https://en.wikipedia.org/wiki/Intelligence_Reform_and_Terrorism_Prevention_Act,1,173,intelligence;national;edit;title;reform;terrorism;security;prevention;center;december
https://en.wikipedia.org/wiki/ICWatch,1,110,february;linkedin;icwatch;database;edit;toolkit;intelligence;transparency;profiles;surveillance
https://en.wikipedia.org/wiki/NATO_Open_Source_Intelligence_Reader,1,60,intelligence;source;wikipedia;nato;open;reader;edit;organization;navigation;view
https://en.wikipedia.org/wiki/Intelligence_assessment,1,233,intelligence;secret;war;assessment;target;history;espionage;edit;analysis;rfi
https://en.wikipedia.org/wiki/Main_Page,1,248,wikipedia;philip;free;king;featured;antiochus;wikimedia;killed;october;english
https://en.wikipedia.org/wiki/Special:WhatLinksHere/Open-source_intelligence,1,405,edit;links;intelligence;talk;user;archive;wikipedia;hcberkowitz;draft;open
https://en.wikipedia.org/wiki/Category:Articles_with_short_description,1,462,category;short;album;description;wikipedia;net;hack;categories;hidden;wikidata
https://en.wikipedia.org/wiki/Category:All_Wikipedia_articles_in_need_of_updating,1,505,mmc;category;wikipedia;brigade;road;division;battalion;ukraine;united;states
https://en.wikipedia.org/wiki/National_Open_Source_Enterprise,1,187,intelligence;open;source;security;national;center;service;edit;monitoring;director
https://en.wikipedia.org/wiki/Office_of_the_Director_of_National_Intelligence,1,451,intelligence;director;national;dni;office;president;deputy;trump;community;donald
https://en.wikipedia.org/wiki/Clandestine_HUMINT_operational_techniques,1,309,agent;intelligence;agents;soviet;edit;operations;country;officer;clandestine;cover
https://en.wikipedia.org/wiki/United_States_Director_of_National_Intelligence,1,451,intelligence;director;national;dni;office;president;deputy;trump;community;donald
https://en.wikipedia.org/wiki/Eavesdropping,1,321,eavesdropping;edit;eavesdrop;surveillance;network;security;wikipedia;henry;viii;links
https://en.wikipedia.org/wiki/Co-occurrence_networks,1,123,occurrence;network;text;networks;terms;analysis;edit;term;wikipedia;social
https://en.wikipedia.org/wiki/Online_publication,1,460,publishing;electronic;digital;online;books;edit;content;july;journal;traditional
https://en.wikipedia.org/wiki/Intelligence_cycle_management,1,248,intelligence;collection;cycle;policy;edit;action;national;clandestine;operations;analysis
https://en.m.wikipedia.org/w/index.php?title=Open-source_intelligence&mobileaction=toggle_view_mobile,1,203,edit;intelligence;source;open;sources;osint;data;media;issues;professional
https://en.wikipedia.org/wiki/Surveillance,1,909,surveillance;march;data;edit;cameras;privacy;phone;people;social;law
https://en.wikipedia.org/wiki/Twitter,1,1968,twitter;users;april;tweets;july;accounts;june;august;october;february
https://en.wikipedia.org/wiki/Special:BookSources/978-1483381114,1,1319,book;wikipedia;search;libraries;library;sources;online;databases;editions;books
https://en.wikipedia.org/wiki/Industrial_espionage,1,512,espionage;industrial;edit;china;january;economic;intelligence;united;states;chinese
https://en.wikipedia.org/wiki/Signals_intelligence_by_alliances,_nations_and_industries,1,390,sigint;intelligence;edit;security;echelon;national;communications;military;systems;countries
https://en.wikipedia.org/wiki/Non-official_cover,1,221,official;cover;noc;edit;cia;agents;wikipedia;examples;spy;agent
https://en.wikipedia.org/wiki/Open_data,1,511,data;open;science;commons;government;access;public;scientific;international;edit
https://en.wikipedia.org/wiki/Help:Authority_control,1,153,authority;wikipedia;control;file;library;gnd;viaf;subject;links;gemeinsame
https://en.wikipedia.org/wiki/Clandestine_HUMINT_and_covert_action,1,321,operations;special;intelligence;war;covert;military;forces;cia;army;clandestine
https://en.wikipedia.org/wiki/Wikipedia:Contact_us,1,138,wikipedia;contact;content;email;view;links;donate;wikimedia;navigation;problem
https://en.wikipedia.org/wiki/Radiofrequency_MASINT,1,188,masint;intelligence;frequency;signal;edit;signals;emp;disciplines;radiation;power
https://en.wikipedia.org/wiki/Intelligence_analysis,1,302,intelligence;analysis;analyst;analysts;edit;hypotheses;analytic;process;context;data
https://en.wikipedia.org/wiki/Field_agent,1,169,agent;field;wikipedia;edit;espionage;navigation;terms;jump;search;policy
https://en.wikipedia.org/wiki/Category:Articles_with_J9U_identifiers,1,443,century;united;states;division;category;street;amendment;infantry;constitution;number
https://en.wikipedia.org/wiki/Doxing,1,682,doxing;edit;august;october;public;november;personal;anonymous;harassment;online
https://en.wikipedia.org/wiki/Category:Articles_with_FAST_identifiers,1,447,abbas;category;aaron;abad;wikipedia;categories;ibn;aarons;abbadie;fast
https://en.wikipedia.org/wiki/National_security,1,530,security;national;military;state;defence;states;edit;united;economic;council
https://en.wikipedia.org/wiki/Central_Intelligence_Agency,1,2475,cia;intelligence;agency;central;war;military;director;september;june;national
https://en.wikipedia.org/wiki/The_Art_of_War,1,837,war;art;sun;military;tzu;chinese;text;book;edit;translated
https://en.wikipedia.org/w/index.php?title=Special:UserLogin&returnto=Open-source+intelligence,1,30,wikipedia;log;upload;navigation;search;password;file;logged;contact;jump
https://en.wikipedia.org/wiki/Category:Articles_with_multiple_maintenance_issues,1,505,category;regiment;awards;mmc;wikipedia;division;infantry;list;road;categories
https://en.wikipedia.org/wiki/In-Q-Tel,1,358,tel;cia;software;data;technology;intelligence;security;private;corporation;technologies
https://en.wikipedia.org/wiki/Special_reconnaissance,1,539,special;reconnaissance;operations;intelligence;army;units;forces;air;united;states
https://en.wikipedia.org/wiki/Antivirus_software,1,865,antivirus;virus;software;computer;malware;anti;april;security;viruses;detection
https://en.wikipedia.org/wiki/Cultural_intelligence,1,485,cultural;intelligence;business;military;knowledge;edit;cultures;ang;earley;individual
https://en.wikipedia.org/wiki/ISBN_(identifier),1,954,digit;international;check;digits;book;number;standard;times;agency;isbns
https://en.wikipedia.org/wiki/Concealment_device,1,230,edit;concealment;device;hidden;hide;coins;hollow;compartment;furniture;coin
https://en.wikipedia.org/wiki/Intelligence_Community_Directive_301,1,100,intelligence;source;open;national;director;community;deputy;icd;assistant;responsibilities
https://en.wikipedia.org/wiki/Category:Wikipedia_articles_with_style_issues_from_March_2016,1,378,category;wikipedia;list;issues;style;categories;march;hidden;edit;characters
https://en.wikipedia.org/wiki/Counter-intelligence_and_counter-terrorism_organizations,1,317,intelligence;security;police;edit;terrorist;terrorism;national;foreign;service;counter
https://en.wikipedia.org/wiki/Template_talk:Intelligence_cycle_management,1,82,edit;talk;management;intelligence;template;wikipedia;analysis;military;cycle;project
https://en.wikipedia.org/wiki/Digital_video,1,539,video;digital;compression;rate;mpeg;edit;format;bit;standard;television
https://en.wikipedia.org/wiki/Wikipedia:File_Upload_Wizard,1,140,wikipedia;commons;file;upload;free;wizard;form;copyright;policy;view
https://en.wikipedia.org/wiki/Dan_Butler_(civil_servant),1,79,intelligence;director;butler;edit;national;source;air;open;special;service
https://en.wikipedia.org/wiki/Market_intelligence,1,307,intelligence;data;mi;marketing;market;organizations;issn;gathering;organization;edit
https://en.wikipedia.org/w/index.php?title=Open-source_intelligence&action=info,1,166,source;view;protected;template;module;category;editor;citation;description;number
https://en.wikipedia.org/wiki/Special_Libraries_Association,1,208,sla;special;libraries;association;library;members;edit;professional;council;advisory
https://en.wikipedia.org/wiki/Espionage#Agents_in_espionage,1,959,espionage;intelligence;spy;agent;war;spies;states;agents;united;enemy
https://en.wikipedia.org/wiki/List_of_counterintelligence_organizations,1,654,intelligence;security;service;national;police;counterintelligence;military;agency;agencies;organizations
https://en.wikipedia.org/wiki/Fusion_center,1,208,fusion;centers;center;report;state;security;national;federal;intelligence;local
https://en.wikipedia.org/wiki/Assistant_Deputy_Director_of_National_Intelligence_for_Open_Source,1,86,wikipedia;intelligence;open;director;national;source;deputy;edit;policy;talk
https://en.wikipedia.org/wiki/OCLC_(identifier),1,475,oclc;library;libraries;april;org;worldcat;services;march;january;october
https://en.wikipedia.org/wiki/Tempest_(codename),1,322,tempest;security;computer;emanations;signal;equipment;nsa;shielding;data;standards
https://en.wikipedia.org/wiki/Category:Open-source_intelligence,1,97,intelligence;source;open;category;wikipedia;edit;gathering;navigation;terms;jump
https://www.wikimediafoundation.org/,1,91,wikimedia;wikipedia;projects;foundation;knowledge;free;sound;privacy;technology;community
https://en.wikipedia.org/wiki/Maltego,1,129,maltego;data;august;edit;wikipedia;software;sources;desktop;client;links
https://en.wikipedia.org/wiki/Category:Applied_data_mining,1,77,data;mining;wikipedia;analytics;category;edit;intelligence;applied;navigation;terms
https://en.wikipedia.org/wiki/Analysis_of_competing_hypotheses,1,300,ach;hypotheses;analysis;evidence;intelligence;analyst;competing;hypothesis;edit;analysts
https://en.wikipedia.org/wiki/Wikipedia:Contents,1,359,wikipedia;lists;category;list;contents;portals;current;vital;glossaries;outline
https://en.wikipedia.org/wiki/Investigative_Data_Warehouse,1,125,idw;fbi;data;eff;foia;pdf;files;machine;wayback;linked
https://en.wikipedia.org/wiki/Dead_drop,1,211,dead;drop;edit;location;signal;espionage;items;wikipedia;agent;spy
https://en.wikipedia.org/wiki/Preprint,1,285,preprints;preprint;journal;peer;edit;academic;review;publishing;published;science
https://en.wikipedia.org/wiki/NATO_Open_Source_Intelligence_Handbook,1,61,intelligence;wikipedia;nato;source;edit;open;handbook;organization;navigation;view
https://en.wikipedia.org/wiki/Grey_literature,1,291,literature;grey;reports;library;journal;policy;documents;edit;access;publications
https://en.wikipedia.org/wiki/Cryptography,1,1374,cryptography;key;encryption;cipher;cryptographic;ciphers;public;security;hash;algorithms
https://en.wikipedia.org/wiki/Social_media,1,1689,social;media;users;facebook;twitter;people;edit;online;content;news
https://en.wikipedia.org/wiki/Template:Intelligence_cycle_management,1,123,template;state;intelligence;cycle;wikipedia;management;collapsed;autocollapse;expanded;collapsible
https://en.wikipedia.org/wiki/Special:BookSources/978-1-4842-3213-2,1,1319,book;wikipedia;search;libraries;library;sources;online;databases;editions;books
https://en.wikipedia.org/wiki/Category:Webarchive_template_wayback_links,1,578,jpg;png;category;magnum;winchester;svg;jpeg;love;cast;wikipedia
https://en.wikipedia.org/w/index.php?title=Special:CreateAccount&returnto=Open-source+intelligence,1,30,account;password;wikipedia;create;upload;navigation;contact;jump;search;file
https://en.wikipedia.org/wiki/Human_intelligence_(intelligence_gathering),1,186,intelligence;humint;edit;wikipedia;clandestine;gathering;military;human;terms;jump
https://en.wikipedia.org/wiki/Ashley_Feinberg,1,127,feinberg;january;ashley;wikipedia;comey;october;twitter;account;huffpost;august
https://en.wikipedia.org/wiki/One-way_voice_link,1,183,voice;wikipedia;edit;link;owvl;point;communications;espionage;typically;sources
https://en.wikipedia.org/wiki/United_States_Department_of_Defense,1,983,defense;department;military;united;states;national;secretary;agency;budget;intelligence
https://en.wikipedia.org/wiki/Direct_action_(military),1,164,special;action;intelligence;direct;operations;wikipedia;military;pdf;units;edit
https://en.wikipedia.org/wiki/Materials_MASINT,1,359,masint;chemical;biological;intelligence;materials;analysis;air;nuclear;detector;detection
https://en.wikipedia.org/wiki/Wikipedia:Community_portal,1,2095,wikipedia;wikiproject;community;learn;october;women;news;talk;edit;wikis
https://en.wikipedia.org/wiki/Treason,1,743,treason;war;state;imprisonment;edit;crimes;law;person;united;death
https://en.wikipedia.org/wiki/Clandestine_human_intelligence,1,347,agent;service;intelligence;double;espionage;edit;operations;country;case;money
https://en.wikipedia.org/wiki/Intelligence_collection_management,1,211,collection;intelligence;source;requirements;edit;collector;management;report;priorities;guidance
https://en.wikipedia.org/wiki/Category:2005_establishments_in_the_United_States,1,305,establishments;united;states;category;american;national;award;wikipedia;portal;north
https://en.wikipedia.org/wiki/Special:SpecialPages,1,171,special;global;list;categories;statistics;files;search;user;account;edit
https://en.wikipedia.org/wiki/Category:Collective_intelligence,1,135,intelligence;collective;category;wikipedia;social;open;generated;navigation;edit;systems
https://en.wikipedia.org/wiki/Satellite_imagery,1,356,satellite;resolution;imagery;earth;edit;satellites;images;image;imaging;data
https://en.wikipedia.org/wiki/Portal:Current_events,1,1492,people;conflict;killed;news;insurgency;united;war;crisis;october;russian
https://en.wikipedia.org/wiki/Special:MyTalk,1,37,talk;wikipedia;user;create;account;navigation;contributions;logged;contact;jump
https://en.wikipedia.org/w/index.php?title=Open-source_intelligence&action=history,1,361,talk;undo;curprev;bytes;contribs;edit;tag;july;september;visual
https://en.wikipedia.org/wiki/Foreign_Broadcast_Information_Service,1,168,intelligence;fbis;service;foreign;broadcast;edit;open;source;stations;radio
https://en.wikipedia.org/wiki/Open-source_intelligence_in_the_2022_Russian_invasion_of_Ukraine,1,656,ukraine;war;march;russian;intelligence;source;april;invasion;open;russia
https://en.wikipedia.org/wiki/Sun_Tzu,1,1146,sun;tzu;war;art;chinese;military;wu;period;sawyer;warfare
https://en.wikipedia.org/wiki/False_flag,1,871,false;war;flag;edit;military;operation;february;operations;warfare;pseudo
https://en.wikipedia.org/wiki/Telephone_directories,1,200,telephone;directory;phone;edit;directories;number;book;books;jump;white
https://en.wikipedia.org/wiki/Interrogation,1,339,interrogation;torture;interrogations;edit;police;law;pdf;united;mccoy;deception
https://en.wikipedia.org/wiki/Measurement_and_signature_intelligence,1,314,masint;intelligence;sensors;sensor;target;edit;source;radar;acoustic;sensing
https://en.wikipedia.org/wiki/Intelligence_dissemination_management,1,297,intelligence;war;assessment;military;edit;strategic;national;force;games;forces
https://en.wikipedia.org/wiki/Denial_and_deception,1,209,deception;denial;edit;military;intelligence;jump;public;wikipedia;japanese;states
https://en.wikipedia.org/wiki/Wikipedia:Text_of_Creative_Commons_Attribution-ShareAlike_3.0_Unported_License,1,128,license;work;terms;rights;licensor;copyright;adaptation;commons;creative;applicable
https://en.wikipedia.org/wiki/Strategic_intelligence,1,65,intelligence;strategic;policy;ability;press;edit;wikipedia;maccoby;michael;oxford
https://en.wikipedia.org/wiki/Iraq_Intelligence_Commission,1,165,intelligence;commission;iraq;weapons;united;states;mass;destruction;community;report
https://en.wikipedia.org/wiki/Basic_intelligence,1,160,intelligence;basic;military;definition;edit;september;cia;factbook;organization;defense
https://en.wikipedia.org/w/index.php?title=Special:CiteThisPage&page=Open-source_intelligence&id=1116471597&wpFormIdentifier=titleform,1,43,wikipedia;source;intelligence;open;october;title;encyclopedia;free;contributors;php
https://en.wikipedia.org/wiki/Military_geography,1,299,military;geography;edit;war;warfare;critical;desert;strategic;harbor;terrain
https://en.wikipedia.org/wiki/Earthquake_casualty_estimation,1,265,earthquake;earthquakes;estimates;time;edit;building;figure;real;buildings;magnitude
https://en.wikipedia.org/wiki/Espionage,1,958,espionage;intelligence;spy;agent;war;spies;states;agents;united;enemy
https://en.wikipedia.org/wiki/National_Intelligence_Open_Source_Committee,1,1106,intelligence;australian;security;national;defence;department;australia;terrorism;government;centre
https://en.wikipedia.org/w/index.php?title=Open-source_intelligence&printable=yes,1,342,intelligence;open;source;osint;national;center;director;tools;data;sources
https://en.wikipedia.org/wiki/Magazines,1,541,magazines;magazine;edit;list;history;women;circulation;american;journal;century
https://en.wikipedia.org/wiki/Talk:Open-source_intelligence,1,268,talk;links;open;source;intelligence;osint;reply;edit;oss;august
https://en.wikipedia.org/wiki/Counterintelligence,1,394,intelligence;counterintelligence;security;espionage;operations;service;services;counter;foreign;national
https://en.wikipedia.org/wiki/Intelligence_cycle_security,1,208,intelligence;security;opsec;national;operations;counterintelligence;counter;edit;sensitive;adversary
https://en.wikipedia.org/wiki/Special:RecentChanges,1,347,talk;contribs;diffhist;edit;mobile;wikipedia;tags;account;sockpuppet;jazz
https://en.wikipedia.org/wiki/Category:Wikipedia_articles_in_need_of_updating_from_April_2017,1,418,category;list;wikipedia;categories;updating;school;high;team;hidden;april
https://en.wikipedia.org/wiki/September_11_attacks,1,2440,september;attacks;bin;laden;united;center;york;trade;states;flight
https://en.wikipedia.org/wiki/9/11_Commission,1,376,commission;report;kean;national;bush;edit;president;chairman;attacks;cia
https://en.wikipedia.org/wiki/VPNs,1,614,vpn;network;private;virtual;tunneling;protocol;point;edit;site;networks
https://en.wikipedia.org/wiki/Asset_(intelligence),1,188,intelligence;wikipedia;assets;edit;work;country;foreign;government;asset;sources
https://en.wikipedia.org/wiki/Financial_intelligence,1,666,financial;intelligence;edit;fiu;analysis;united;fius;data;terrorist;finint
https://en.wikipedia.org/wiki/Special:BookSources/9780742540392,1,1319,book;wikipedia;search;libraries;library;sources;online;databases;editions;books
https://en.wikipedia.org/wiki/Instagram,1,1468,instagram;april;users;december;june;october;facebook;verge;august;photos
